Image,Subject,Eye,Gender,Race,Contacts,PupilX,PupilY,PupilR,IrisX,IrisY,IrisR,Fold
05015d1003,_,_,_,_,_,322,234,43,_,_,_
05015d1127,_,_,_,_,_,324,236,37,_,_,_
05015d186,_,_,_,_,_,323,237,42,_,_,_
05015d353,_,_,_,_,_,329,235,42,_,_,_
05015d394,_,_,_,_,_,327,238,42,_,_,_
05015d422,_,_,_,_,_,324,235,47,_,_,_
05015d646,_,_,_,_,_,335,238,48,_,_,_
05015d650,_,_,_,_,_,323,234,45,_,_,_
05015d708,_,_,_,_,_,327,238,49,_,_,_
05015d800,_,_,_,_,_,325,237,43,_,_,_
05028d1018,_,_,_,_,_,317,244,48,_,_,_
05028d1025,_,_,_,_,_,317,237,50,_,_,_
05028d1027,_,_,_,_,_,311,237,44,_,_,_
05028d1055,_,_,_,_,_,322,232,50,_,_,_
05028d590,_,_,_,_,_,318,236,47,_,_,_
05028d629,_,_,_,_,_,308,233,51,_,_,_
05028d730,_,_,_,_,_,314,239,46,_,_,_
05028d770,_,_,_,_,_,318,233,41,_,_,_
05028d823,_,_,_,_,_,317,241,51,_,_,_
05028d849,_,_,_,_,_,320,235,43,_,_,_
05246d219,_,_,_,_,_,334,240,49,_,_,_
05246d300,_,_,_,_,_,327,236,35,_,_,_
05246d308,_,_,_,_,_,326,239,33,_,_,_
05246d336,_,_,_,_,_,324,237,36,_,_,_
05246d375,_,_,_,_,_,325,237,38,_,_,_
05246d401,_,_,_,_,_,327,245,39,_,_,_
05246d403,_,_,_,_,_,326,238,41,_,_,_
05246d405,_,_,_,_,_,326,240,41,_,_,_
05246d431,_,_,_,_,_,327,241,37,_,_,_
05246d435,_,_,_,_,_,323,237,36,_,_,_
05271d1011,_,_,_,_,_,317,234,40,_,_,_
05271d1017,_,_,_,_,_,317,238,35,_,_,_
05271d327,_,_,_,_,_,315,237,48,_,_,_
05271d329,_,_,_,_,_,316,237,48,_,_,_
05271d440,_,_,_,_,_,313,235,57,_,_,_
05271d472,_,_,_,_,_,320,238,58,_,_,_
05271d474,_,_,_,_,_,317,236,56,_,_,_
05271d654,_,_,_,_,_,319,240,52,_,_,_
05271d656,_,_,_,_,_,319,236,53,_,_,_
05271d658,_,_,_,_,_,312,234,56,_,_,_
05284d208,_,_,_,_,_,324,245,42,_,_,_
05284d231,_,_,_,_,_,323,252,30,_,_,_
05284d247,_,_,_,_,_,324,239,39,_,_,_
05284d276,_,_,_,_,_,318,247,35,_,_,_
05284d307,_,_,_,_,_,320,235,35,_,_,_
05284d645,_,_,_,_,_,316,235,35,_,_,_
05284d708,_,_,_,_,_,321,251,25,_,_,_
05284d738,_,_,_,_,_,315,242,43,_,_,_
05284d740,_,_,_,_,_,324,242,43,_,_,_
05284d795,_,_,_,_,_,314,238,39,_,_,_
05293d113,_,_,_,_,_,329,233,44,_,_,_
05293d150,_,_,_,_,_,326,236,50,_,_,_
05293d152,_,_,_,_,_,326,240,50,_,_,_
05293d177,_,_,_,_,_,329,237,46,_,_,_
05293d317,_,_,_,_,_,322,243,54,_,_,_
05293d319,_,_,_,_,_,326,232,57,_,_,_
05293d452,_,_,_,_,_,329,241,56,_,_,_
05293d523,_,_,_,_,_,325,233,50,_,_,_
05293d867,_,_,_,_,_,324,238,36,_,_,_
05293d905,_,_,_,_,_,328,238,38,_,_,_
05318d1,_,_,_,_,_,327,235,50,_,_,_
05318d211,_,_,_,_,_,333,245,54,_,_,_
05318d218,_,_,_,_,_,321,242,51,_,_,_
05318d278,_,_,_,_,_,323,241,53,_,_,_
05318d3,_,_,_,_,_,321,238,57,_,_,_
05318d34,_,_,_,_,_,329,237,60,_,_,_
05318d38,_,_,_,_,_,320,238,56,_,_,_
05318d5,_,_,_,_,_,327,234,63,_,_,_
05318d62,_,_,_,_,_,322,243,57,_,_,_
05318d64,_,_,_,_,_,324,236,52,_,_,_
05380d158,_,_,_,_,_,321,237,70,_,_,_
05380d163,_,_,_,_,_,316,241,61,_,_,_
05380d167,_,_,_,_,_,323,250,70,_,_,_
05380d220,_,_,_,_,_,325,236,46,_,_,_
05380d250,_,_,_,_,_,324,238,54,_,_,_
05380d252,_,_,_,_,_,323,235,51,_,_,_
05380d280,_,_,_,_,_,323,239,50,_,_,_
05380d284,_,_,_,_,_,326,239,47,_,_,_
05380d60,_,_,_,_,_,324,239,66,_,_,_
05380d62,_,_,_,_,_,323,236,63,_,_,_
05407d184,_,_,_,_,_,317,243,49,_,_,_
05407d299,_,_,_,_,_,317,234,53,_,_,_
05407d303,_,_,_,_,_,315,237,49,_,_,_
05407d590,_,_,_,_,_,320,234,53,_,_,_
05407d594,_,_,_,_,_,320,238,52,_,_,_
05407d686,_,_,_,_,_,320,235,54,_,_,_
05407d688,_,_,_,_,_,317,239,50,_,_,_
05407d775,_,_,_,_,_,319,239,41,_,_,_
05407d777,_,_,_,_,_,318,239,39,_,_,_
05407d808,_,_,_,_,_,320,240,48,_,_,_
05409d309,_,_,_,_,_,323,234,49,_,_,_
05409d327,_,_,_,_,_,327,233,51,_,_,_
05409d329,_,_,_,_,_,327,237,47,_,_,_
05409d345,_,_,_,_,_,320,240,51,_,_,_
05409d347,_,_,_,_,_,326,237,50,_,_,_
05409d352,_,_,_,_,_,329,236,47,_,_,_
05409d356,_,_,_,_,_,324,239,46,_,_,_
05409d370,_,_,_,_,_,333,236,55,_,_,_
05409d374,_,_,_,_,_,319,246,52,_,_,_
05409d388,_,_,_,_,_,327,236,46,_,_,_
05466d193,_,_,_,_,_,317,241,56,_,_,_
05466d211,_,_,_,_,_,314,237,61,_,_,_
05466d214,_,_,_,_,_,318,237,61,_,_,_
05466d216,_,_,_,_,_,317,235,62,_,_,_
05466d232,_,_,_,_,_,322,240,57,_,_,_
05466d234,_,_,_,_,_,321,249,60,_,_,_
05466d252,_,_,_,_,_,315,235,61,_,_,_
05466d294,_,_,_,_,_,322,239,51,_,_,_
05466d296,_,_,_,_,_,316,242,55,_,_,_
05466d320,_,_,_,_,_,319,241,62,_,_,_
05467d120,_,_,_,_,_,318,238,47,_,_,_
05467d122,_,_,_,_,_,318,236,47,_,_,_
05467d124,_,_,_,_,_,323,240,49,_,_,_
05467d150,_,_,_,_,_,314,239,44,_,_,_
05467d152,_,_,_,_,_,315,235,45,_,_,_
05467d154,_,_,_,_,_,316,235,46,_,_,_
05467d26,_,_,_,_,_,320,237,37,_,_,_
05467d28,_,_,_,_,_,314,240,40,_,_,_
05467d35,_,_,_,_,_,315,240,55,_,_,_
05467d37,_,_,_,_,_,320,236,50,_,_,_
05473d245,_,_,_,_,_,317,244,60,_,_,_
05473d277,_,_,_,_,_,317,237,66,_,_,_
05473d328,_,_,_,_,_,317,237,62,_,_,_
05473d33,_,_,_,_,_,321,240,72,_,_,_
05473d35,_,_,_,_,_,325,239,58,_,_,_
05473d460,_,_,_,_,_,320,239,51,_,_,_
05473d464,_,_,_,_,_,311,244,51,_,_,_
05473d533,_,_,_,_,_,316,234,56,_,_,_
05473d91,_,_,_,_,_,324,241,66,_,_,_
05473d93,_,_,_,_,_,147,279,69,_,_,_
05486d122,_,_,_,_,_,315,239,51,_,_,_
05486d152,_,_,_,_,_,319,234,58,_,_,_
05486d154,_,_,_,_,_,317,238,61,_,_,_
05486d156,_,_,_,_,_,316,238,57,_,_,_
05486d213,_,_,_,_,_,316,236,54,_,_,_
05486d285,_,_,_,_,_,318,242,48,_,_,_
05486d470,_,_,_,_,_,324,242,45,_,_,_
05486d52,_,_,_,_,_,317,236,58,_,_,_
05486d59,_,_,_,_,_,317,233,55,_,_,_
05486d75,_,_,_,_,_,323,240,50,_,_,_
05487d120,_,_,_,_,_,319,235,52,_,_,_
05487d122,_,_,_,_,_,316,239,49,_,_,_
05487d124,_,_,_,_,_,311,236,47,_,_,_
05487d266,_,_,_,_,_,321,237,49,_,_,_
05487d268,_,_,_,_,_,316,234,54,_,_,_
05487d272,_,_,_,_,_,316,235,37,_,_,_
05487d276,_,_,_,_,_,320,236,43,_,_,_
05487d55,_,_,_,_,_,322,235,46,_,_,_
05487d73,_,_,_,_,_,325,238,59,_,_,_
05487d97,_,_,_,_,_,325,235,55,_,_,_
05490d131,_,_,_,_,_,323,231,65,_,_,_
05490d158,_,_,_,_,_,330,239,61,_,_,_
05490d216,_,_,_,_,_,325,240,61,_,_,_
05490d437,_,_,_,_,_,323,233,52,_,_,_
05490d466,_,_,_,_,_,326,237,66,_,_,_
05490d54,_,_,_,_,_,329,238,58,_,_,_
05490d56,_,_,_,_,_,326,239,65,_,_,_
05490d61,_,_,_,_,_,320,235,61,_,_,_
05490d63,_,_,_,_,_,326,238,54,_,_,_
05490d98,_,_,_,_,_,327,239,58,_,_,_
05496d114,_,_,_,_,_,327,241,68,_,_,_
05496d116,_,_,_,_,_,324,240,54,_,_,_
05496d190,_,_,_,_,_,328,243,63,_,_,_
05496d218,_,_,_,_,_,326,244,54,_,_,_
05496d222,_,_,_,_,_,325,239,56,_,_,_
05496d562,_,_,_,_,_,326,237,72,_,_,_
05496d654,_,_,_,_,_,326,239,52,_,_,_
05496d75,_,_,_,_,_,323,243,55,_,_,_
05496d96,_,_,_,_,_,327,240,63,_,_,_
05496d98,_,_,_,_,_,335,244,55,_,_,_
05511d105,_,_,_,_,_,326,239,57,_,_,_
05511d130,_,_,_,_,_,328,239,39,_,_,_
05511d195,_,_,_,_,_,337,247,48,_,_,_
05511d293,_,_,_,_,_,326,237,51,_,_,_
05511d323,_,_,_,_,_,323,237,46,_,_,_
05511d325,_,_,_,_,_,319,239,46,_,_,_
05511d491,_,_,_,_,_,325,232,62,_,_,_
05511d592,_,_,_,_,_,326,241,52,_,_,_
05511d596,_,_,_,_,_,324,236,47,_,_,_
05511d87,_,_,_,_,_,331,239,54,_,_,_
05568d121,_,_,_,_,_,325,236,62,_,_,_
05568d123,_,_,_,_,_,321,239,56,_,_,_
05568d15,_,_,_,_,_,317,235,68,_,_,_
05568d181,_,_,_,_,_,320,236,69,_,_,_
05568d183,_,_,_,_,_,325,234,64,_,_,_
05568d312,_,_,_,_,_,322,238,59,_,_,_
05568d370,_,_,_,_,_,324,234,70,_,_,_
05568d375,_,_,_,_,_,323,238,69,_,_,_
05568d58,_,_,_,_,_,327,237,53,_,_,_
05568d60,_,_,_,_,_,316,238,59,_,_,_
05585d14,_,_,_,_,_,317,239,52,_,_,_
05585d148,_,_,_,_,_,317,238,46,_,_,_
05585d150,_,_,_,_,_,310,237,46,_,_,_
05585d152,_,_,_,_,_,315,241,45,_,_,_
05585d16,_,_,_,_,_,316,238,54,_,_,_
05585d203,_,_,_,_,_,315,237,45,_,_,_
05585d231,_,_,_,_,_,317,239,47,_,_,_
05585d233,_,_,_,_,_,316,238,46,_,_,_
05585d235,_,_,_,_,_,320,240,45,_,_,_
05585d36,_,_,_,_,_,316,241,45,_,_,_
05596d150,_,_,_,_,_,325,242,64,_,_,_
05596d26,_,_,_,_,_,327,244,74,_,_,_
05596d322,_,_,_,_,_,325,238,62,_,_,_
05596d329,_,_,_,_,_,320,242,61,_,_,_
05596d357,_,_,_,_,_,326,236,65,_,_,_
05596d361,_,_,_,_,_,313,241,65,_,_,_
05596d416,_,_,_,_,_,317,245,68,_,_,_
05596d445,_,_,_,_,_,328,236,68,_,_,_
05596d56,_,_,_,_,_,318,257,62,_,_,_
05596d60,_,_,_,_,_,322,239,66,_,_,_
05597d247,_,_,_,_,_,319,246,37,_,_,_
05597d249,_,_,_,_,_,317,250,40,_,_,_
05597d283,_,_,_,_,_,319,243,38,_,_,_
05597d315,_,_,_,_,_,317,243,36,_,_,_
05597d364,_,_,_,_,_,308,241,43,_,_,_
05597d368,_,_,_,_,_,316,238,44,_,_,_
05597d396,_,_,_,_,_,319,247,37,_,_,_
05597d54,_,_,_,_,_,317,241,37,_,_,_
05597d56,_,_,_,_,_,316,236,37,_,_,_
05597d58,_,_,_,_,_,315,239,38,_,_,_
05603d149,_,_,_,_,_,323,235,53,_,_,_
05603d343,_,_,_,_,_,317,235,56,_,_,_
05603d345,_,_,_,_,_,322,236,58,_,_,_
05603d350,_,_,_,_,_,315,233,50,_,_,_
05603d505,_,_,_,_,_,314,233,68,_,_,_
05603d507,_,_,_,_,_,319,243,61,_,_,_
05603d6,_,_,_,_,_,317,235,53,_,_,_
05603d642,_,_,_,_,_,316,237,44,_,_,_
05603d674,_,_,_,_,_,316,235,43,_,_,_
05603d93,_,_,_,_,_,318,235,48,_,_,_
05615d155,_,_,_,_,_,321,238,49,_,_,_
05615d272,_,_,_,_,_,320,242,52,_,_,_
05615d31,_,_,_,_,_,316,243,53,_,_,_
05615d336,_,_,_,_,_,318,238,57,_,_,_
05615d343,_,_,_,_,_,317,234,50,_,_,_
05615d35,_,_,_,_,_,321,243,48,_,_,_
05615d469,_,_,_,_,_,321,239,50,_,_,_
05615d590,_,_,_,_,_,315,240,46,_,_,_
05615d61,_,_,_,_,_,302,241,48,_,_,_
05615d685,_,_,_,_,_,317,239,43,_,_,_
05629d127,_,_,_,_,_,323,235,51,_,_,_
05629d165,_,_,_,_,_,329,238,50,_,_,_
05629d30,_,_,_,_,_,345,276,54,_,_,_
05629d357,_,_,_,_,_,309,246,57,_,_,_
05629d450,_,_,_,_,_,289,271,63,_,_,_
05629d476,_,_,_,_,_,324,242,61,_,_,_
05629d617,_,_,_,_,_,325,239,42,_,_,_
05629d629,_,_,_,_,_,320,238,41,_,_,_
05629d633,_,_,_,_,_,325,238,40,_,_,_
05629d64,_,_,_,_,_,326,238,49,_,_,_
05641d141,_,_,_,_,_,314,240,59,_,_,_
05641d143,_,_,_,_,_,319,236,52,_,_,_
05641d145,_,_,_,_,_,312,238,53,_,_,_
05641d33,_,_,_,_,_,314,236,54,_,_,_
05641d35,_,_,_,_,_,319,235,47,_,_,_
05641d4,_,_,_,_,_,313,238,54,_,_,_
05641d6,_,_,_,_,_,317,240,46,_,_,_
05641d61,_,_,_,_,_,317,234,56,_,_,_
05641d63,_,_,_,_,_,317,232,52,_,_,_
05641d65,_,_,_,_,_,320,236,45,_,_,_
05651d146,_,_,_,_,_,326,235,58,_,_,_
05651d148,_,_,_,_,_,316,243,66,_,_,_
05651d210,_,_,_,_,_,325,240,65,_,_,_
05651d246,_,_,_,_,_,325,238,64,_,_,_
05651d299,_,_,_,_,_,320,235,63,_,_,_
05651d303,_,_,_,_,_,319,244,72,_,_,_
05651d331,_,_,_,_,_,323,240,66,_,_,_
05651d41,_,_,_,_,_,323,240,66,_,_,_
05651d43,_,_,_,_,_,314,241,69,_,_,_
05651d5,_,_,_,_,_,327,239,64,_,_,_
05653d1,_,_,_,_,_,323,238,53,_,_,_
05653d119,_,_,_,_,_,313,236,56,_,_,_
05653d234,_,_,_,_,_,314,236,59,_,_,_
05653d236,_,_,_,_,_,317,234,57,_,_,_
05653d317,_,_,_,_,_,318,241,68,_,_,_
05653d33,_,_,_,_,_,314,234,54,_,_,_
05653d352,_,_,_,_,_,318,235,61,_,_,_
05653d382,_,_,_,_,_,317,231,54,_,_,_
05653d386,_,_,_,_,_,328,234,61,_,_,_
05653d466,_,_,_,_,_,318,232,49,_,_,_
05665d110,_,_,_,_,_,320,249,56,_,_,_
05665d112,_,_,_,_,_,321,244,54,_,_,_
05665d172,_,_,_,_,_,328,244,50,_,_,_
05665d174,_,_,_,_,_,322,242,55,_,_,_
05665d176,_,_,_,_,_,325,246,58,_,_,_
05665d2,_,_,_,_,_,322,242,54,_,_,_
05665d4,_,_,_,_,_,321,238,59,_,_,_
05665d6,_,_,_,_,_,322,244,58,_,_,_
05665d75,_,_,_,_,_,319,239,59,_,_,_
05665d77,_,_,_,_,_,327,245,62,_,_,_
05682d194,_,_,_,_,_,317,237,47,_,_,_
05682d266,_,_,_,_,_,321,236,47,_,_,_
05682d277,_,_,_,_,_,319,237,48,_,_,_
05682d307,_,_,_,_,_,317,233,46,_,_,_
05682d359,_,_,_,_,_,323,240,52,_,_,_
05682d362,_,_,_,_,_,323,245,48,_,_,_
05682d412,_,_,_,_,_,318,235,40,_,_,_
05682d416,_,_,_,_,_,320,237,50,_,_,_
05682d87,_,_,_,_,_,321,236,49,_,_,_
05682d89,_,_,_,_,_,318,241,52,_,_,_
05696d1,_,_,_,_,_,324,238,60,_,_,_
05696d236,_,_,_,_,_,328,237,63,_,_,_
05696d34,_,_,_,_,_,331,235,67,_,_,_
05696d343,_,_,_,_,_,331,236,66,_,_,_
05696d345,_,_,_,_,_,313,235,61,_,_,_
05696d573,_,_,_,_,_,328,240,50,_,_,_
05696d581,_,_,_,_,_,314,236,47,_,_,_
05696d641,_,_,_,_,_,323,236,51,_,_,_
05696d92,_,_,_,_,_,321,237,64,_,_,_
05696d94,_,_,_,_,_,320,236,65,_,_,_
05721d184,_,_,_,_,_,332,247,46,_,_,_
05721d185,_,_,_,_,_,321,237,50,_,_,_
05721d2,_,_,_,_,_,318,246,57,_,_,_
05721d211,_,_,_,_,_,314,240,59,_,_,_
05721d213,_,_,_,_,_,316,232,66,_,_,_
05721d214,_,_,_,_,_,335,239,64,_,_,_
05721d241,_,_,_,_,_,318,239,61,_,_,_
05721d242,_,_,_,_,_,328,237,54,_,_,_
05721d245,_,_,_,_,_,324,235,60,_,_,_
05721d331,_,_,_,_,_,333,242,58,_,_,_
05721d332,_,_,_,_,_,311,232,61,_,_,_
05721d335,_,_,_,_,_,339,236,56,_,_,_
05721d360,_,_,_,_,_,314,238,58,_,_,_
05721d365,_,_,_,_,_,313,239,53,_,_,_
05721d4,_,_,_,_,_,323,241,58,_,_,_
05721d58,_,_,_,_,_,316,236,62,_,_,_
05721d60,_,_,_,_,_,323,235,63,_,_,_
05721d61,_,_,_,_,_,329,242,59,_,_,_
05721d89,_,_,_,_,_,317,238,55,_,_,_
05721d90,_,_,_,_,_,330,236,49,_,_,_
05730d116,_,_,_,_,_,321,239,54,_,_,_
05730d118,_,_,_,_,_,327,242,53,_,_,_
05730d179,_,_,_,_,_,329,237,38,_,_,_
05730d187,_,_,_,_,_,336,233,36,_,_,_
05730d193,_,_,_,_,_,324,240,40,_,_,_
05730d195,_,_,_,_,_,321,241,43,_,_,_
05730d28,_,_,_,_,_,313,244,55,_,_,_
05730d30,_,_,_,_,_,325,242,54,_,_,_
05730d62,_,_,_,_,_,322,242,53,_,_,_
05730d64,_,_,_,_,_,325,240,46,_,_,_
05735d1,_,_,_,_,_,316,234,72,_,_,_
05735d143,_,_,_,_,_,322,237,60,_,_,_
05735d148,_,_,_,_,_,315,236,69,_,_,_
05735d150,_,_,_,_,_,313,237,65,_,_,_
05735d152,_,_,_,_,_,322,238,62,_,_,_
05735d224,_,_,_,_,_,318,233,65,_,_,_
05735d5,_,_,_,_,_,317,237,64,_,_,_
05735d81,_,_,_,_,_,316,244,67,_,_,_
05735d83,_,_,_,_,_,312,234,62,_,_,_
05735d85,_,_,_,_,_,316,236,64,_,_,_
05742d119,_,_,_,_,_,324,241,52,_,_,_
05742d121,_,_,_,_,_,322,240,50,_,_,_
05742d123,_,_,_,_,_,326,250,54,_,_,_
05742d151,_,_,_,_,_,328,236,62,_,_,_
05742d153,_,_,_,_,_,322,247,60,_,_,_
05742d238,_,_,_,_,_,323,238,59,_,_,_
05742d240,_,_,_,_,_,323,239,51,_,_,_
05742d242,_,_,_,_,_,330,236,52,_,_,_
05742d4,_,_,_,_,_,324,235,63,_,_,_
05742d6,_,_,_,_,_,323,242,58,_,_,_
05774d141,_,_,_,_,_,326,242,54,_,_,_
05774d144,_,_,_,_,_,316,235,56,_,_,_
05774d171,_,_,_,_,_,323,244,56,_,_,_
05774d172,_,_,_,_,_,329,246,58,_,_,_
05774d173,_,_,_,_,_,320,244,54,_,_,_
05774d174,_,_,_,_,_,334,241,61,_,_,_
05774d175,_,_,_,_,_,321,243,57,_,_,_
05774d200,_,_,_,_,_,330,244,60,_,_,_
05774d202,_,_,_,_,_,325,246,63,_,_,_
05774d205,_,_,_,_,_,320,243,56,_,_,_
05774d231,_,_,_,_,_,315,234,57,_,_,_
05774d234,_,_,_,_,_,327,241,59,_,_,_
05774d235,_,_,_,_,_,308,234,59,_,_,_
05774d303,_,_,_,_,_,327,247,56,_,_,_
05774d305,_,_,_,_,_,324,244,52,_,_,_
05774d306,_,_,_,_,_,318,238,54,_,_,_
05774d307,_,_,_,_,_,326,247,60,_,_,_
05774d366,_,_,_,_,_,316,244,45,_,_,_
05774d367,_,_,_,_,_,324,245,51,_,_,_
05774d5,_,_,_,_,_,321,236,58,_,_,_
05783d1,_,_,_,_,_,317,237,52,_,_,_
05783d117,_,_,_,_,_,319,237,51,_,_,_
05783d118,_,_,_,_,_,310,238,50,_,_,_
05783d122,_,_,_,_,_,323,240,52,_,_,_
05783d124,_,_,_,_,_,321,237,55,_,_,_
05783d126,_,_,_,_,_,319,239,55,_,_,_
05783d127,_,_,_,_,_,315,242,52,_,_,_
05783d154,_,_,_,_,_,314,235,52,_,_,_
05783d155,_,_,_,_,_,320,234,46,_,_,_
05783d157,_,_,_,_,_,322,239,49,_,_,_
05783d247,_,_,_,_,_,321,236,46,_,_,_
05783d248,_,_,_,_,_,318,233,49,_,_,_
05783d251,_,_,_,_,_,323,240,50,_,_,_
05783d3,_,_,_,_,_,326,240,53,_,_,_
05783d346,_,_,_,_,_,313,236,41,_,_,_
05783d348,_,_,_,_,_,323,238,39,_,_,_
05783d352,_,_,_,_,_,331,242,40,_,_,_
05783d354,_,_,_,_,_,314,236,41,_,_,_
05783d5,_,_,_,_,_,319,235,53,_,_,_
05783d6,_,_,_,_,_,320,239,49,_,_,_
05785d3,_,_,_,_,_,318,239,63,_,_,_
05785d332,_,_,_,_,_,316,237,50,_,_,_
05785d336,_,_,_,_,_,316,240,52,_,_,_
05785d340,_,_,_,_,_,315,234,57,_,_,_
05785d395,_,_,_,_,_,323,239,45,_,_,_
05785d397,_,_,_,_,_,317,236,47,_,_,_
05785d399,_,_,_,_,_,318,237,44,_,_,_
05785d403,_,_,_,_,_,316,235,59,_,_,_
05785d405,_,_,_,_,_,319,237,52,_,_,_
05785d5,_,_,_,_,_,316,236,65,_,_,_
05787d129,_,_,_,_,_,325,237,61,_,_,_
05787d240,_,_,_,_,_,323,238,57,_,_,_
05787d296,_,_,_,_,_,326,238,41,_,_,_
05787d327,_,_,_,_,_,324,237,54,_,_,_
05787d395,_,_,_,_,_,324,240,54,_,_,_
05787d423,_,_,_,_,_,324,240,47,_,_,_
05787d5,_,_,_,_,_,323,237,61,_,_,_
05787d67,_,_,_,_,_,330,238,62,_,_,_
05787d76,_,_,_,_,_,325,235,58,_,_,_
05787d78,_,_,_,_,_,327,238,63,_,_,_
05788d118,_,_,_,_,_,326,238,43,_,_,_
05788d120,_,_,_,_,_,331,235,41,_,_,_
05788d122,_,_,_,_,_,327,231,40,_,_,_
05788d140,_,_,_,_,_,316,241,39,_,_,_
05788d141,_,_,_,_,_,322,239,38,_,_,_
05788d142,_,_,_,_,_,315,239,41,_,_,_
05788d144,_,_,_,_,_,317,238,41,_,_,_
05788d145,_,_,_,_,_,326,235,43,_,_,_
05788d170,_,_,_,_,_,320,228,42,_,_,_
05788d171,_,_,_,_,_,315,241,45,_,_,_
05788d172,_,_,_,_,_,327,249,45,_,_,_
05788d173,_,_,_,_,_,315,242,46,_,_,_
05788d174,_,_,_,_,_,325,240,45,_,_,_
05788d3,_,_,_,_,_,316,233,37,_,_,_
05788d4,_,_,_,_,_,322,243,36,_,_,_
05788d5,_,_,_,_,_,321,240,42,_,_,_
05788d65,_,_,_,_,_,320,240,35,_,_,_
05788d66,_,_,_,_,_,329,239,54,_,_,_
05788d67,_,_,_,_,_,313,240,55,_,_,_
05788d69,_,_,_,_,_,311,236,53,_,_,_
05793d123,_,_,_,_,_,324,242,54,_,_,_
05793d125,_,_,_,_,_,328,237,51,_,_,_
05793d127,_,_,_,_,_,325,238,59,_,_,_
05793d192,_,_,_,_,_,321,245,62,_,_,_
05793d232,_,_,_,_,_,328,237,53,_,_,_
05793d236,_,_,_,_,_,327,241,53,_,_,_
05793d88,_,_,_,_,_,324,237,61,_,_,_
05793d90,_,_,_,_,_,327,241,57,_,_,_
05793d93,_,_,_,_,_,320,242,52,_,_,_
05793d97,_,_,_,_,_,332,234,60,_,_,_
05796d152,_,_,_,_,_,314,233,61,_,_,_
05796d154,_,_,_,_,_,314,238,56,_,_,_
05796d156,_,_,_,_,_,315,242,58,_,_,_
05796d360,_,_,_,_,_,318,241,49,_,_,_
05796d389,_,_,_,_,_,313,236,51,_,_,_
05796d391,_,_,_,_,_,319,243,52,_,_,_
05796d451,_,_,_,_,_,316,234,47,_,_,_
05796d85,_,_,_,_,_,322,242,64,_,_,_
05796d89,_,_,_,_,_,324,237,64,_,_,_
05796d94,_,_,_,_,_,325,244,58,_,_,_
05808d124,_,_,_,_,_,324,238,65,_,_,_
05808d126,_,_,_,_,_,321,244,59,_,_,_
05808d266,_,_,_,_,_,325,235,66,_,_,_
05808d391,_,_,_,_,_,315,241,51,_,_,_
05808d450,_,_,_,_,_,319,241,52,_,_,_
05808d458,_,_,_,_,_,314,243,46,_,_,_
05808d459,_,_,_,_,_,322,241,44,_,_,_
05808d463,_,_,_,_,_,321,236,45,_,_,_
05808d491,_,_,_,_,_,314,241,47,_,_,_
05808d495,_,_,_,_,_,313,239,46,_,_,_
05808d554,_,_,_,_,_,324,236,48,_,_,_
05808d611,_,_,_,_,_,330,243,44,_,_,_
05808d614,_,_,_,_,_,315,235,44,_,_,_
05808d85,_,_,_,_,_,322,240,61,_,_,_
05808d86,_,_,_,_,_,313,241,63,_,_,_
05808d87,_,_,_,_,_,324,235,62,_,_,_
05808d92,_,_,_,_,_,310,241,57,_,_,_
05808d93,_,_,_,_,_,316,234,59,_,_,_
05808d95,_,_,_,_,_,318,240,57,_,_,_
05808d96,_,_,_,_,_,314,231,61,_,_,_
05827d149,_,_,_,_,_,319,237,73,_,_,_
05827d153,_,_,_,_,_,319,245,71,_,_,_
05827d179,_,_,_,_,_,321,240,72,_,_,_
05827d183,_,_,_,_,_,317,227,74,_,_,_
05827d236,_,_,_,_,_,315,242,70,_,_,_
05827d84,_,_,_,_,_,317,236,69,_,_,_
05827d86,_,_,_,_,_,317,236,70,_,_,_
05827d89,_,_,_,_,_,321,234,74,_,_,_
05827d91,_,_,_,_,_,316,248,75,_,_,_
05827d93,_,_,_,_,_,321,233,57,_,_,_
05830d101,_,_,_,_,_,328,239,46,_,_,_
05830d103,_,_,_,_,_,322,237,50,_,_,_
05830d156,_,_,_,_,_,333,240,47,_,_,_
05830d252,_,_,_,_,_,324,237,39,_,_,_
05830d256,_,_,_,_,_,325,235,39,_,_,_
05830d260,_,_,_,_,_,340,241,37,_,_,_
05830d292,_,_,_,_,_,328,235,41,_,_,_
05830d68,_,_,_,_,_,321,238,50,_,_,_
05830d70,_,_,_,_,_,319,242,49,_,_,_
05830d75,_,_,_,_,_,327,244,49,_,_,_
05842d115,_,_,_,_,_,320,239,77,_,_,_
05842d143,_,_,_,_,_,321,244,67,_,_,_
05842d145,_,_,_,_,_,316,244,79,_,_,_
05842d212,_,_,_,_,_,322,234,68,_,_,_
05842d302,_,_,_,_,_,323,237,69,_,_,_
05842d346,_,_,_,_,_,323,242,48,_,_,_
05842d372,_,_,_,_,_,324,243,54,_,_,_
05842d374,_,_,_,_,_,325,243,51,_,_,_
05842d406,_,_,_,_,_,325,237,56,_,_,_
05842d432,_,_,_,_,_,323,241,62,_,_,_
05845d160,_,_,_,_,_,324,233,58,_,_,_
05845d164,_,_,_,_,_,315,242,54,_,_,_
05845d21,_,_,_,_,_,323,242,53,_,_,_
05845d23,_,_,_,_,_,317,234,50,_,_,_
05845d25,_,_,_,_,_,323,233,47,_,_,_
05845d255,_,_,_,_,_,321,238,43,_,_,_
05845d259,_,_,_,_,_,316,242,44,_,_,_
05845d261,_,_,_,_,_,327,236,39,_,_,_
05845d263,_,_,_,_,_,325,236,39,_,_,_
05845d52,_,_,_,_,_,323,239,54,_,_,_
05859d149,_,_,_,_,_,319,234,44,_,_,_
05859d151,_,_,_,_,_,322,240,39,_,_,_
05859d189,_,_,_,_,_,314,236,34,_,_,_
05859d191,_,_,_,_,_,319,234,28,_,_,_
05859d222,_,_,_,_,_,316,233,34,_,_,_
05859d278,_,_,_,_,_,318,234,37,_,_,_
05859d311,_,_,_,_,_,321,234,35,_,_,_
05859d42,_,_,_,_,_,319,239,36,_,_,_
05859d72,_,_,_,_,_,319,238,44,_,_,_
05859d76,_,_,_,_,_,320,241,41,_,_,_
05861d118,_,_,_,_,_,313,242,62,_,_,_
05861d120,_,_,_,_,_,317,236,59,_,_,_
05861d173,_,_,_,_,_,315,238,65,_,_,_
05861d175,_,_,_,_,_,318,244,70,_,_,_
05861d42,_,_,_,_,_,317,244,56,_,_,_
05861d44,_,_,_,_,_,319,244,56,_,_,_
05861d46,_,_,_,_,_,316,234,57,_,_,_
05861d77,_,_,_,_,_,317,241,65,_,_,_
05861d79,_,_,_,_,_,317,237,63,_,_,_
05861d81,_,_,_,_,_,306,237,62,_,_,_
05881d151,_,_,_,_,_,317,237,37,_,_,_
05881d155,_,_,_,_,_,316,235,37,_,_,_
05881d185,_,_,_,_,_,321,236,37,_,_,_
05881d189,_,_,_,_,_,319,238,39,_,_,_
05881d193,_,_,_,_,_,320,241,40,_,_,_
05881d224,_,_,_,_,_,315,237,46,_,_,_
05881d281,_,_,_,_,_,317,231,48,_,_,_
05881d283,_,_,_,_,_,320,235,46,_,_,_
05881d45,_,_,_,_,_,315,241,52,_,_,_
05881d77,_,_,_,_,_,321,234,56,_,_,_
05884d114,_,_,_,_,_,318,244,55,_,_,_
05884d306,_,_,_,_,_,325,243,46,_,_,_
05884d312,_,_,_,_,_,322,242,51,_,_,_
05884d343,_,_,_,_,_,318,236,44,_,_,_
05884d350,_,_,_,_,_,324,247,47,_,_,_
05884d396,_,_,_,_,_,316,247,45,_,_,_
05884d40,_,_,_,_,_,314,239,52,_,_,_
05884d41,_,_,_,_,_,320,248,52,_,_,_
05884d426,_,_,_,_,_,317,244,44,_,_,_
05884d43,_,_,_,_,_,331,246,53,_,_,_
05884d44,_,_,_,_,_,323,244,52,_,_,_
05884d469,_,_,_,_,_,317,236,44,_,_,_
05884d470,_,_,_,_,_,325,249,43,_,_,_
05884d471,_,_,_,_,_,318,235,43,_,_,_
05884d499,_,_,_,_,_,319,239,43,_,_,_
05884d500,_,_,_,_,_,325,236,41,_,_,_
05884d502,_,_,_,_,_,325,236,40,_,_,_
05884d538,_,_,_,_,_,313,237,46,_,_,_
05884d539,_,_,_,_,_,324,244,42,_,_,_
05884d84,_,_,_,_,_,324,248,53,_,_,_
05912d163,_,_,_,_,_,317,237,49,_,_,_
05912d297,_,_,_,_,_,318,237,38,_,_,_
05912d332,_,_,_,_,_,320,233,38,_,_,_
05912d334,_,_,_,_,_,317,236,38,_,_,_
05912d336,_,_,_,_,_,316,238,41,_,_,_
05912d338,_,_,_,_,_,317,236,39,_,_,_
05912d396,_,_,_,_,_,319,235,37,_,_,_
05912d424,_,_,_,_,_,318,238,34,_,_,_
05912d426,_,_,_,_,_,319,240,36,_,_,_
05912d73,_,_,_,_,_,319,239,48,_,_,_
05930d116,_,_,_,_,_,328,242,54,_,_,_
05930d118,_,_,_,_,_,327,240,53,_,_,_
05930d205,_,_,_,_,_,322,237,42,_,_,_
05930d209,_,_,_,_,_,326,239,38,_,_,_
05930d241,_,_,_,_,_,325,239,42,_,_,_
05930d245,_,_,_,_,_,326,245,50,_,_,_
05930d249,_,_,_,_,_,331,240,39,_,_,_
05930d283,_,_,_,_,_,331,244,42,_,_,_
05930d287,_,_,_,_,_,327,239,38,_,_,_
05930d31,_,_,_,_,_,325,241,47,_,_,_
05957d136,_,_,_,_,_,321,238,53,_,_,_
05957d14,_,_,_,_,_,323,236,69,_,_,_
05957d144,_,_,_,_,_,313,237,53,_,_,_
05957d147,_,_,_,_,_,317,233,58,_,_,_
05957d175,_,_,_,_,_,321,234,58,_,_,_
05957d177,_,_,_,_,_,314,242,57,_,_,_
05957d204,_,_,_,_,_,319,240,54,_,_,_
05957d208,_,_,_,_,_,318,240,58,_,_,_
05957d232,_,_,_,_,_,321,239,51,_,_,_
05957d236,_,_,_,_,_,314,235,53,_,_,_
05963d120,_,_,_,_,_,328,236,59,_,_,_
05963d195,_,_,_,_,_,320,239,44,_,_,_
05963d199,_,_,_,_,_,314,238,45,_,_,_
05963d229,_,_,_,_,_,325,235,50,_,_,_
05963d231,_,_,_,_,_,320,238,47,_,_,_
05963d233,_,_,_,_,_,328,238,50,_,_,_
05963d235,_,_,_,_,_,319,240,47,_,_,_
05963d259,_,_,_,_,_,323,235,43,_,_,_
05963d267,_,_,_,_,_,321,240,38,_,_,_
05963d293,_,_,_,_,_,324,238,42,_,_,_
05963d294,_,_,_,_,_,314,236,41,_,_,_
05963d297,_,_,_,_,_,326,235,38,_,_,_
05963d320,_,_,_,_,_,328,238,51,_,_,_
05963d321,_,_,_,_,_,315,241,40,_,_,_
05963d349,_,_,_,_,_,318,235,38,_,_,_
05963d350,_,_,_,_,_,323,240,40,_,_,_
05963d352,_,_,_,_,_,316,242,40,_,_,_
05963d353,_,_,_,_,_,320,245,43,_,_,_
05963d378,_,_,_,_,_,316,235,44,_,_,_
05963d87,_,_,_,_,_,317,235,58,_,_,_
05970d130,_,_,_,_,_,318,240,43,_,_,_
05970d136,_,_,_,_,_,317,239,48,_,_,_
05970d186,_,_,_,_,_,325,246,51,_,_,_
05970d190,_,_,_,_,_,330,247,48,_,_,_
05970d217,_,_,_,_,_,323,247,54,_,_,_
05970d259,_,_,_,_,_,321,241,44,_,_,_
05970d35,_,_,_,_,_,331,253,60,_,_,_
05970d37,_,_,_,_,_,319,240,61,_,_,_
05970d39,_,_,_,_,_,322,241,58,_,_,_
05970d99,_,_,_,_,_,321,244,54,_,_,_
06031d130,_,_,_,_,_,317,240,49,_,_,_
06031d132,_,_,_,_,_,316,241,49,_,_,_
06031d134,_,_,_,_,_,317,236,50,_,_,_
06031d136,_,_,_,_,_,321,242,80,_,_,_
06031d138,_,_,_,_,_,320,246,82,_,_,_
06031d226,_,_,_,_,_,325,243,58,_,_,_
06031d228,_,_,_,_,_,316,236,59,_,_,_
06031d256,_,_,_,_,_,316,237,62,_,_,_
06031d258,_,_,_,_,_,319,239,59,_,_,_
06031d260,_,_,_,_,_,317,237,63,_,_,_
06035d122,_,_,_,_,_,322,240,53,_,_,_
06035d153,_,_,_,_,_,322,241,61,_,_,_
06035d157,_,_,_,_,_,322,241,50,_,_,_
06035d159,_,_,_,_,_,321,241,45,_,_,_
06035d185,_,_,_,_,_,324,238,53,_,_,_
06035d187,_,_,_,_,_,323,236,52,_,_,_
06035d247,_,_,_,_,_,322,242,50,_,_,_
06035d249,_,_,_,_,_,322,238,55,_,_,_
06035d87,_,_,_,_,_,321,240,58,_,_,_
06035d91,_,_,_,_,_,322,240,52,_,_,_
06043d118,_,_,_,_,_,325,232,45,_,_,_
06043d120,_,_,_,_,_,326,235,44,_,_,_
06043d152,_,_,_,_,_,316,249,41,_,_,_
06043d156,_,_,_,_,_,323,242,40,_,_,_
06043d186,_,_,_,_,_,331,245,42,_,_,_
06043d212,_,_,_,_,_,330,234,43,_,_,_
06043d45,_,_,_,_,_,326,237,40,_,_,_
06043d49,_,_,_,_,_,325,245,36,_,_,_
06043d82,_,_,_,_,_,326,242,40,_,_,_
06043d84,_,_,_,_,_,326,236,34,_,_,_
06044d119,_,_,_,_,_,325,242,48,_,_,_
06044d121,_,_,_,_,_,325,246,47,_,_,_
06044d179,_,_,_,_,_,329,247,55,_,_,_
06044d181,_,_,_,_,_,331,250,48,_,_,_
06044d183,_,_,_,_,_,324,247,47,_,_,_
06044d48,_,_,_,_,_,326,245,43,_,_,_
06044d52,_,_,_,_,_,327,243,44,_,_,_
06044d85,_,_,_,_,_,325,246,45,_,_,_
06044d87,_,_,_,_,_,320,242,49,_,_,_
06044d93,_,_,_,_,_,331,248,51,_,_,_
06045d113,_,_,_,_,_,318,232,41,_,_,_
06045d115,_,_,_,_,_,318,240,45,_,_,_
06045d143,_,_,_,_,_,312,238,45,_,_,_
06045d147,_,_,_,_,_,318,235,45,_,_,_
06045d173,_,_,_,_,_,319,243,47,_,_,_
06045d177,_,_,_,_,_,318,239,47,_,_,_
06045d48,_,_,_,_,_,320,238,41,_,_,_
06045d52,_,_,_,_,_,315,236,43,_,_,_
06045d81,_,_,_,_,_,314,234,46,_,_,_
06045d83,_,_,_,_,_,318,236,41,_,_,_
06052d121,_,_,_,_,_,316,237,42,_,_,_
06052d150,_,_,_,_,_,319,238,42,_,_,_
06052d177,_,_,_,_,_,314,237,43,_,_,_
06052d205,_,_,_,_,_,317,238,41,_,_,_
06052d207,_,_,_,_,_,322,235,40,_,_,_
06052d209,_,_,_,_,_,316,239,40,_,_,_
06052d235,_,_,_,_,_,318,237,51,_,_,_
06052d54,_,_,_,_,_,318,238,38,_,_,_
06052d58,_,_,_,_,_,318,235,37,_,_,_
06052d87,_,_,_,_,_,317,236,44,_,_,_
06068d122,_,_,_,_,_,322,236,53,_,_,_
06068d149,_,_,_,_,_,320,242,56,_,_,_
06068d151,_,_,_,_,_,320,240,54,_,_,_
06068d47,_,_,_,_,_,325,243,47,_,_,_
06068d51,_,_,_,_,_,321,238,50,_,_,_
06068d55,_,_,_,_,_,328,240,51,_,_,_
06068d83,_,_,_,_,_,324,236,51,_,_,_
06068d85,_,_,_,_,_,325,240,49,_,_,_
06068d87,_,_,_,_,_,322,244,50,_,_,_
06068d89,_,_,_,_,_,321,238,48,_,_,_
06079d113,_,_,_,_,_,331,237,47,_,_,_
06079d115,_,_,_,_,_,326,235,49,_,_,_
06079d175,_,_,_,_,_,325,235,42,_,_,_
06079d199,_,_,_,_,_,325,238,47,_,_,_
06079d201,_,_,_,_,_,325,235,44,_,_,_
06079d80,_,_,_,_,_,325,234,46,_,_,_
06079d82,_,_,_,_,_,326,245,44,_,_,_
06079d84,_,_,_,_,_,324,237,41,_,_,_
06079d86,_,_,_,_,_,324,236,42,_,_,_
06079d88,_,_,_,_,_,326,236,43,_,_,_
06096d109,_,_,_,_,_,322,234,45,_,_,_
06096d113,_,_,_,_,_,320,239,43,_,_,_
06096d139,_,_,_,_,_,322,236,59,_,_,_
06096d141,_,_,_,_,_,321,237,55,_,_,_
06096d143,_,_,_,_,_,314,235,51,_,_,_
06096d178,_,_,_,_,_,322,235,55,_,_,_
06096d45,_,_,_,_,_,319,237,48,_,_,_
06096d47,_,_,_,_,_,323,238,50,_,_,_
06096d81,_,_,_,_,_,319,236,48,_,_,_
06096d83,_,_,_,_,_,319,235,53,_,_,_
06115d127,_,_,_,_,_,324,246,52,_,_,_
06115d153,_,_,_,_,_,322,239,46,_,_,_
06115d157,_,_,_,_,_,321,233,46,_,_,_
06115d2,_,_,_,_,_,319,239,51,_,_,_
06115d34,_,_,_,_,_,320,244,54,_,_,_
06115d36,_,_,_,_,_,318,239,52,_,_,_
06115d62,_,_,_,_,_,324,239,50,_,_,_
06115d64,_,_,_,_,_,320,238,49,_,_,_
06115d92,_,_,_,_,_,318,248,57,_,_,_
06115d94,_,_,_,_,_,325,243,51,_,_,_
06117d121,_,_,_,_,_,342,217,17,_,_,_
06117d149,_,_,_,_,_,321,227,29,_,_,_
06117d20,_,_,_,_,_,327,229,35,_,_,_
06117d22,_,_,_,_,_,326,225,32,_,_,_
06117d24,_,_,_,_,_,331,222,32,_,_,_
06117d64,_,_,_,_,_,346,233,24,_,_,_
06117d66,_,_,_,_,_,321,216,27,_,_,_
06117d91,_,_,_,_,_,337,229,16,_,_,_
06117d93,_,_,_,_,_,325,229,34,_,_,_
06117d95,_,_,_,_,_,321,228,36,_,_,_
06127d123,_,_,_,_,_,319,244,43,_,_,_
06127d153,_,_,_,_,_,320,249,48,_,_,_
06127d3,_,_,_,_,_,319,238,55,_,_,_
06127d31,_,_,_,_,_,320,239,44,_,_,_
06127d5,_,_,_,_,_,317,245,58,_,_,_
06127d61,_,_,_,_,_,320,243,57,_,_,_
06127d63,_,_,_,_,_,320,244,61,_,_,_
06127d65,_,_,_,_,_,319,249,62,_,_,_
06127d91,_,_,_,_,_,316,240,50,_,_,_
06127d95,_,_,_,_,_,319,249,56,_,_,_
06128d103,_,_,_,_,_,319,237,52,_,_,_
06128d105,_,_,_,_,_,319,241,58,_,_,_
06128d107,_,_,_,_,_,317,242,62,_,_,_
06128d137,_,_,_,_,_,318,244,52,_,_,_
06128d31,_,_,_,_,_,321,236,53,_,_,_
06128d35,_,_,_,_,_,317,236,50,_,_,_
06128d5,_,_,_,_,_,312,237,44,_,_,_
06128d61,_,_,_,_,_,321,236,49,_,_,_
06128d63,_,_,_,_,_,323,238,52,_,_,_
06128d65,_,_,_,_,_,318,240,54,_,_,_
06134d156,_,_,_,_,_,326,239,39,_,_,_
06134d32,_,_,_,_,_,325,239,45,_,_,_
06134d36,_,_,_,_,_,325,240,46,_,_,_
06134d4,_,_,_,_,_,326,238,42,_,_,_
06134d6,_,_,_,_,_,323,237,44,_,_,_
06134d62,_,_,_,_,_,326,238,40,_,_,_
06134d64,_,_,_,_,_,326,236,41,_,_,_
06134d66,_,_,_,_,_,326,239,41,_,_,_
06134d92,_,_,_,_,_,324,237,49,_,_,_
06134d94,_,_,_,_,_,325,243,45,_,_,_
06145d104,_,_,_,_,_,321,235,48,_,_,_
06145d106,_,_,_,_,_,317,236,49,_,_,_
06145d132,_,_,_,_,_,321,234,57,_,_,_
06145d134,_,_,_,_,_,321,235,49,_,_,_
06145d136,_,_,_,_,_,324,238,51,_,_,_
06145d3,_,_,_,_,_,324,234,56,_,_,_
06145d31,_,_,_,_,_,321,236,56,_,_,_
06145d35,_,_,_,_,_,320,236,60,_,_,_
06145d5,_,_,_,_,_,323,229,60,_,_,_
06145d74,_,_,_,_,_,321,237,52,_,_,_
06187d1,_,_,_,_,_,315,240,47,_,_,_
06187d2,_,_,_,_,_,325,237,43,_,_,_
06187d3,_,_,_,_,_,315,247,51,_,_,_
06187d31,_,_,_,_,_,318,237,47,_,_,_
06187d32,_,_,_,_,_,323,239,45,_,_,_
06187d33,_,_,_,_,_,313,239,46,_,_,_
06187d35,_,_,_,_,_,316,237,49,_,_,_
06187d36,_,_,_,_,_,320,235,46,_,_,_
06187d4,_,_,_,_,_,327,237,49,_,_,_
06187d6,_,_,_,_,_,324,235,49,_,_,_
06187d62,_,_,_,_,_,325,238,48,_,_,_
06187d63,_,_,_,_,_,318,234,52,_,_,_
06187d64,_,_,_,_,_,335,240,54,_,_,_
06187d65,_,_,_,_,_,320,243,48,_,_,_
06187d66,_,_,_,_,_,330,239,47,_,_,_
06187d91,_,_,_,_,_,313,231,55,_,_,_
06187d93,_,_,_,_,_,322,239,52,_,_,_
06187d94,_,_,_,_,_,327,235,48,_,_,_
06187d95,_,_,_,_,_,318,240,48,_,_,_
06187d96,_,_,_,_,_,321,235,44,_,_,_
04261d2177,_,_,_,_,_,315,243,33,_,_,_
04261d2178,_,_,_,_,_,317,235,35,_,_,_
04261d2179,_,_,_,_,_,317,241,35,_,_,_
04261d2184,_,_,_,_,_,316,238,38,_,_,_
04261d2189,_,_,_,_,_,326,238,39,_,_,_
04261d2199,_,_,_,_,_,319,236,34,_,_,_
04261d2200,_,_,_,_,_,317,238,36,_,_,_
04261d2205,_,_,_,_,_,321,235,35,_,_,_
04261d2206,_,_,_,_,_,317,231,36,_,_,_
04261d2210,_,_,_,_,_,319,239,39,_,_,_
04261d2213,_,_,_,_,_,311,237,28,_,_,_
04261d2220,_,_,_,_,_,317,240,35,_,_,_
04261d2228,_,_,_,_,_,322,247,39,_,_,_
04261d2229,_,_,_,_,_,324,238,40,_,_,_
04261d2231,_,_,_,_,_,318,242,36,_,_,_
04261d2246,_,_,_,_,_,319,234,35,_,_,_
04261d2251,_,_,_,_,_,316,238,38,_,_,_
04261d2253,_,_,_,_,_,314,238,29,_,_,_
04261d2255,_,_,_,_,_,325,236,34,_,_,_
04261d2267,_,_,_,_,_,322,238,38,_,_,_
04261d2269,_,_,_,_,_,320,236,40,_,_,_
04261d2274,_,_,_,_,_,323,240,32,_,_,_
04261d2278,_,_,_,_,_,322,240,37,_,_,_
04261d2280,_,_,_,_,_,324,239,34,_,_,_
04261d2285,_,_,_,_,_,323,240,33,_,_,_
04261d2292,_,_,_,_,_,327,240,35,_,_,_
04261d2294,_,_,_,_,_,329,237,31,_,_,_
04261d2299,_,_,_,_,_,327,238,35,_,_,_
04261d2302,_,_,_,_,_,327,239,36,_,_,_
04261d2306,_,_,_,_,_,325,238,34,_,_,_
04261d2310,_,_,_,_,_,323,238,36,_,_,_
04261d2313,_,_,_,_,_,324,234,35,_,_,_
04261d2322,_,_,_,_,_,311,242,37,_,_,_
04261d2325,_,_,_,_,_,329,239,34,_,_,_
04261d2329,_,_,_,_,_,304,245,34,_,_,_
04261d2657,_,_,_,_,_,313,235,41,_,_,_
04261d2659,_,_,_,_,_,316,240,36,_,_,_
04261d2662,_,_,_,_,_,323,236,37,_,_,_
04261d2666,_,_,_,_,_,323,231,35,_,_,_
04261d2671,_,_,_,_,_,321,241,34,_,_,_
04261d2680,_,_,_,_,_,323,243,34,_,_,_
04261d2681,_,_,_,_,_,326,237,36,_,_,_
04261d2685,_,_,_,_,_,316,234,37,_,_,_
04261d2695,_,_,_,_,_,318,240,37,_,_,_
04261d2708,_,_,_,_,_,324,235,38,_,_,_
04261d2709,_,_,_,_,_,316,235,37,_,_,_
04261d2712,_,_,_,_,_,319,237,37,_,_,_
04261d2713,_,_,_,_,_,320,236,37,_,_,_
04261d2723,_,_,_,_,_,322,231,30,_,_,_
04261d2728,_,_,_,_,_,316,238,37,_,_,_
04261d2731,_,_,_,_,_,324,239,42,_,_,_
04261d2738,_,_,_,_,_,321,237,41,_,_,_
04261d2753,_,_,_,_,_,322,238,38,_,_,_
04261d2755,_,_,_,_,_,321,240,38,_,_,_
04261d2760,_,_,_,_,_,326,238,36,_,_,_
04261d2764,_,_,_,_,_,322,236,39,_,_,_
04261d2772,_,_,_,_,_,326,235,38,_,_,_
04261d2775,_,_,_,_,_,326,236,39,_,_,_
04261d2777,_,_,_,_,_,327,238,42,_,_,_
04261d2783,_,_,_,_,_,317,237,37,_,_,_
04261d2785,_,_,_,_,_,323,236,36,_,_,_
04261d2787,_,_,_,_,_,317,237,36,_,_,_
04261d2796,_,_,_,_,_,322,233,35,_,_,_
04261d2803,_,_,_,_,_,326,239,36,_,_,_
04261d2805,_,_,_,_,_,327,239,37,_,_,_
04261d2806,_,_,_,_,_,327,238,40,_,_,_
04261d2808,_,_,_,_,_,327,237,38,_,_,_
04261d2812,_,_,_,_,_,322,237,36,_,_,_
04261d3136,_,_,_,_,_,317,236,39,_,_,_
04261d3140,_,_,_,_,_,314,237,37,_,_,_
04261d3141,_,_,_,_,_,315,235,41,_,_,_
04261d3153,_,_,_,_,_,318,236,38,_,_,_
04261d3159,_,_,_,_,_,312,234,39,_,_,_
04261d3166,_,_,_,_,_,320,235,40,_,_,_
04261d3167,_,_,_,_,_,314,240,39,_,_,_
04261d3171,_,_,_,_,_,321,238,40,_,_,_
04261d3182,_,_,_,_,_,316,237,38,_,_,_
04261d3184,_,_,_,_,_,318,236,35,_,_,_
04261d3185,_,_,_,_,_,316,235,40,_,_,_
04261d3196,_,_,_,_,_,319,241,34,_,_,_
04261d3200,_,_,_,_,_,321,236,38,_,_,_
04261d3203,_,_,_,_,_,316,238,39,_,_,_
04261d3208,_,_,_,_,_,317,238,39,_,_,_
04261d3211,_,_,_,_,_,317,238,39,_,_,_
04261d3216,_,_,_,_,_,324,236,41,_,_,_
04261d3221,_,_,_,_,_,321,242,43,_,_,_
04261d3225,_,_,_,_,_,322,240,42,_,_,_
04261d3227,_,_,_,_,_,322,241,40,_,_,_
04261d3228,_,_,_,_,_,324,239,39,_,_,_
04261d3231,_,_,_,_,_,322,242,41,_,_,_
04261d3232,_,_,_,_,_,322,239,39,_,_,_
04261d3242,_,_,_,_,_,319,237,40,_,_,_
04261d3260,_,_,_,_,_,328,239,38,_,_,_
04261d3263,_,_,_,_,_,324,239,38,_,_,_
04261d3264,_,_,_,_,_,318,247,37,_,_,_
04261d3269,_,_,_,_,_,327,237,35,_,_,_
04261d3273,_,_,_,_,_,323,239,35,_,_,_
04261d3280,_,_,_,_,_,320,238,40,_,_,_
04261d3289,_,_,_,_,_,329,238,41,_,_,_
04261d3292,_,_,_,_,_,322,237,35,_,_,_
06017d1971,_,_,_,_,_,322,242,37,_,_,_
06017d1975,_,_,_,_,_,322,236,31,_,_,_
06017d1976,_,_,_,_,_,318,234,35,_,_,_
06017d1983,_,_,_,_,_,321,237,38,_,_,_
06017d1984,_,_,_,_,_,318,241,33,_,_,_
06017d1985,_,_,_,_,_,318,234,39,_,_,_
06017d1991,_,_,_,_,_,318,237,39,_,_,_
06017d1993,_,_,_,_,_,325,232,35,_,_,_
06017d2004,_,_,_,_,_,322,235,30,_,_,_
06017d2006,_,_,_,_,_,322,235,46,_,_,_
06017d2010,_,_,_,_,_,314,236,39,_,_,_
06017d2014,_,_,_,_,_,323,236,44,_,_,_
06017d2034,_,_,_,_,_,316,237,33,_,_,_
06017d2035,_,_,_,_,_,315,236,44,_,_,_
06017d2036,_,_,_,_,_,316,238,42,_,_,_
06017d2046,_,_,_,_,_,319,232,46,_,_,_
06017d2048,_,_,_,_,_,324,239,40,_,_,_
06017d2051,_,_,_,_,_,321,239,36,_,_,_
06017d2060,_,_,_,_,_,323,238,36,_,_,_
06017d2064,_,_,_,_,_,327,234,39,_,_,_
06017d2067,_,_,_,_,_,323,236,35,_,_,_
06017d2075,_,_,_,_,_,325,236,42,_,_,_
06017d2076,_,_,_,_,_,323,238,33,_,_,_
06017d2087,_,_,_,_,_,322,236,40,_,_,_
06017d2090,_,_,_,_,_,323,234,41,_,_,_
06017d2097,_,_,_,_,_,323,234,41,_,_,_
06017d2102,_,_,_,_,_,323,235,40,_,_,_
06017d2105,_,_,_,_,_,326,235,35,_,_,_
06017d2106,_,_,_,_,_,326,236,30,_,_,_
06017d2110,_,_,_,_,_,321,237,40,_,_,_
06017d2114,_,_,_,_,_,327,232,33,_,_,_
06017d2116,_,_,_,_,_,322,238,33,_,_,_
06017d2123,_,_,_,_,_,327,238,38,_,_,_
06017d2126,_,_,_,_,_,323,237,45,_,_,_
06017d2765,_,_,_,_,_,319,237,31,_,_,_
06017d2766,_,_,_,_,_,311,243,41,_,_,_
06017d2767,_,_,_,_,_,320,237,38,_,_,_
06017d2775,_,_,_,_,_,319,241,36,_,_,_
06017d2778,_,_,_,_,_,320,235,38,_,_,_
06017d2785,_,_,_,_,_,326,239,41,_,_,_
06017d2787,_,_,_,_,_,320,238,40,_,_,_
06017d2788,_,_,_,_,_,320,236,34,_,_,_
06017d2791,_,_,_,_,_,321,235,46,_,_,_
06017d2799,_,_,_,_,_,319,235,37,_,_,_
06017d2807,_,_,_,_,_,319,236,37,_,_,_
06017d2812,_,_,_,_,_,320,237,35,_,_,_
06017d2813,_,_,_,_,_,318,237,46,_,_,_
06017d2819,_,_,_,_,_,316,234,35,_,_,_
06017d2821,_,_,_,_,_,318,237,33,_,_,_
06017d2825,_,_,_,_,_,319,237,41,_,_,_
06017d2830,_,_,_,_,_,319,236,35,_,_,_
06017d2837,_,_,_,_,_,318,235,43,_,_,_
06017d2842,_,_,_,_,_,323,236,37,_,_,_
06017d2849,_,_,_,_,_,321,236,34,_,_,_
06017d2854,_,_,_,_,_,320,237,36,_,_,_
06017d2860,_,_,_,_,_,322,239,35,_,_,_
06017d2865,_,_,_,_,_,322,237,38,_,_,_
06017d2869,_,_,_,_,_,321,235,44,_,_,_
06017d2878,_,_,_,_,_,323,233,36,_,_,_
06017d2880,_,_,_,_,_,325,235,36,_,_,_
06017d2882,_,_,_,_,_,323,237,39,_,_,_
06017d2883,_,_,_,_,_,319,240,36,_,_,_
06017d2889,_,_,_,_,_,328,235,34,_,_,_
06017d2890,_,_,_,_,_,325,235,36,_,_,_
06017d2896,_,_,_,_,_,323,242,36,_,_,_
06017d2901,_,_,_,_,_,326,241,33,_,_,_
06017d2908,_,_,_,_,_,321,240,39,_,_,_
06017d2909,_,_,_,_,_,317,234,44,_,_,_
06017d2916,_,_,_,_,_,326,236,42,_,_,_
06017d2922,_,_,_,_,_,325,237,38,_,_,_
06017d3563,_,_,_,_,_,319,235,41,_,_,_
06017d3568,_,_,_,_,_,321,238,45,_,_,_
06017d3575,_,_,_,_,_,312,234,43,_,_,_
06017d3591,_,_,_,_,_,322,239,43,_,_,_
06017d3594,_,_,_,_,_,323,239,43,_,_,_
06017d3604,_,_,_,_,_,321,237,48,_,_,_
06017d3607,_,_,_,_,_,317,235,52,_,_,_
06017d3609,_,_,_,_,_,319,236,44,_,_,_
06017d3610,_,_,_,_,_,321,240,39,_,_,_
06017d3612,_,_,_,_,_,316,237,42,_,_,_
06017d3620,_,_,_,_,_,318,233,49,_,_,_
06017d3628,_,_,_,_,_,321,239,41,_,_,_
06017d3633,_,_,_,_,_,321,237,46,_,_,_
06017d3634,_,_,_,_,_,322,237,42,_,_,_
06017d3638,_,_,_,_,_,319,236,41,_,_,_
06017d3646,_,_,_,_,_,321,233,48,_,_,_
06017d3649,_,_,_,_,_,325,244,43,_,_,_
06017d3653,_,_,_,_,_,322,235,48,_,_,_
06017d3654,_,_,_,_,_,327,232,43,_,_,_
06017d3664,_,_,_,_,_,321,236,40,_,_,_
06017d3669,_,_,_,_,_,320,239,39,_,_,_
06017d3676,_,_,_,_,_,322,236,35,_,_,_
06017d3678,_,_,_,_,_,322,236,45,_,_,_
06017d3684,_,_,_,_,_,330,239,43,_,_,_
06017d3686,_,_,_,_,_,323,235,49,_,_,_
06017d3691,_,_,_,_,_,332,238,40,_,_,_
06017d3695,_,_,_,_,_,327,234,38,_,_,_
06017d3701,_,_,_,_,_,325,236,46,_,_,_
06017d3702,_,_,_,_,_,321,233,43,_,_,_
06017d3705,_,_,_,_,_,322,234,44,_,_,_
07013d1300,_,_,_,_,_,332,247,46,_,_,_
07013d1301,_,_,_,_,_,325,236,55,_,_,_
07013d1327,_,_,_,_,_,321,244,49,_,_,_
07013d1328,_,_,_,_,_,323,236,48,_,_,_
07013d1335,_,_,_,_,_,318,237,55,_,_,_
07013d1337,_,_,_,_,_,318,240,55,_,_,_
07013d1342,_,_,_,_,_,317,237,51,_,_,_
07013d1343,_,_,_,_,_,319,238,54,_,_,_
07013d1345,_,_,_,_,_,316,239,51,_,_,_
07013d1347,_,_,_,_,_,320,242,51,_,_,_
07013d1354,_,_,_,_,_,320,245,46,_,_,_
07013d1359,_,_,_,_,_,324,240,49,_,_,_
07013d1369,_,_,_,_,_,325,235,50,_,_,_
07013d1376,_,_,_,_,_,322,236,56,_,_,_
07013d1384,_,_,_,_,_,325,239,54,_,_,_
07013d1391,_,_,_,_,_,321,239,61,_,_,_
07013d1396,_,_,_,_,_,322,237,56,_,_,_
07013d1412,_,_,_,_,_,331,250,53,_,_,_
07013d1416,_,_,_,_,_,323,234,55,_,_,_
07013d1420,_,_,_,_,_,299,219,41,_,_,_
07013d1424,_,_,_,_,_,326,242,52,_,_,_
07013d1425,_,_,_,_,_,323,229,48,_,_,_
07013d1429,_,_,_,_,_,335,243,51,_,_,_
07013d1434,_,_,_,_,_,313,239,49,_,_,_
07013d1439,_,_,_,_,_,322,242,53,_,_,_
07013d1602,_,_,_,_,_,327,250,49,_,_,_
07013d1605,_,_,_,_,_,317,237,49,_,_,_
07013d1610,_,_,_,_,_,320,236,47,_,_,_
07013d1611,_,_,_,_,_,320,243,47,_,_,_
07013d1613,_,_,_,_,_,327,240,55,_,_,_
07013d163,_,_,_,_,_,328,248,45,_,_,_
07013d1632,_,_,_,_,_,321,243,39,_,_,_
07013d1637,_,_,_,_,_,311,234,47,_,_,_
07013d1638,_,_,_,_,_,322,239,49,_,_,_
07013d1644,_,_,_,_,_,316,235,55,_,_,_
07013d1645,_,_,_,_,_,317,238,49,_,_,_
07013d1646,_,_,_,_,_,321,244,52,_,_,_
07013d1650,_,_,_,_,_,322,236,47,_,_,_
07013d1652,_,_,_,_,_,319,243,41,_,_,_
07013d1656,_,_,_,_,_,317,237,49,_,_,_
07013d1657,_,_,_,_,_,322,236,40,_,_,_
07013d1660,_,_,_,_,_,323,240,49,_,_,_
07013d1670,_,_,_,_,_,321,244,53,_,_,_
07013d1671,_,_,_,_,_,321,239,53,_,_,_
07013d1673,_,_,_,_,_,321,237,48,_,_,_
07013d1676,_,_,_,_,_,321,238,49,_,_,_
07013d1680,_,_,_,_,_,319,238,53,_,_,_
07013d1682,_,_,_,_,_,322,239,46,_,_,_
07013d1683,_,_,_,_,_,326,243,52,_,_,_
07013d1686,_,_,_,_,_,325,239,49,_,_,_
07013d1687,_,_,_,_,_,321,241,53,_,_,_
07013d169,_,_,_,_,_,317,235,51,_,_,_
07013d1692,_,_,_,_,_,321,235,48,_,_,_
07013d1695,_,_,_,_,_,323,240,52,_,_,_
07013d1702,_,_,_,_,_,326,238,50,_,_,_
07013d1706,_,_,_,_,_,323,243,47,_,_,_
07013d1709,_,_,_,_,_,323,238,57,_,_,_
07013d1710,_,_,_,_,_,321,236,51,_,_,_
07013d1715,_,_,_,_,_,320,237,51,_,_,_
07013d1722,_,_,_,_,_,333,236,43,_,_,_
07013d1726,_,_,_,_,_,327,238,48,_,_,_
07013d1731,_,_,_,_,_,320,240,49,_,_,_
07013d1732,_,_,_,_,_,317,235,48,_,_,_
07013d1740,_,_,_,_,_,324,235,47,_,_,_
07013d1744,_,_,_,_,_,323,245,49,_,_,_
07013d1755,_,_,_,_,_,325,249,50,_,_,_
07013d181,_,_,_,_,_,323,237,49,_,_,_
07013d192,_,_,_,_,_,318,241,41,_,_,_
07013d194,_,_,_,_,_,310,233,50,_,_,_
07013d197,_,_,_,_,_,322,245,48,_,_,_
07013d208,_,_,_,_,_,319,235,42,_,_,_
07013d216,_,_,_,_,_,322,239,44,_,_,_
07013d220,_,_,_,_,_,319,245,45,_,_,_
07013d224,_,_,_,_,_,320,237,48,_,_,_
07013d226,_,_,_,_,_,319,246,46,_,_,_
07013d227,_,_,_,_,_,319,238,45,_,_,_
07013d229,_,_,_,_,_,317,240,46,_,_,_
07013d231,_,_,_,_,_,321,245,46,_,_,_
07013d236,_,_,_,_,_,317,233,46,_,_,_
07013d238,_,_,_,_,_,318,237,52,_,_,_
07013d240,_,_,_,_,_,322,243,44,_,_,_
07013d244,_,_,_,_,_,325,242,49,_,_,_
07013d253,_,_,_,_,_,321,234,40,_,_,_
07013d256,_,_,_,_,_,323,235,48,_,_,_
07013d257,_,_,_,_,_,315,244,53,_,_,_
07013d262,_,_,_,_,_,326,237,49,_,_,_
07013d265,_,_,_,_,_,323,236,49,_,_,_
07013d266,_,_,_,_,_,324,235,51,_,_,_
07013d267,_,_,_,_,_,324,240,49,_,_,_
07013d270,_,_,_,_,_,326,238,56,_,_,_
07013d271,_,_,_,_,_,325,239,50,_,_,_
07013d284,_,_,_,_,_,326,238,48,_,_,_
07013d293,_,_,_,_,_,337,237,40,_,_,_
07013d297,_,_,_,_,_,318,243,53,_,_,_
07013d301,_,_,_,_,_,329,240,50,_,_,_
07013d304,_,_,_,_,_,317,244,48,_,_,_
07013d307,_,_,_,_,_,324,239,49,_,_,_
07013d311,_,_,_,_,_,325,236,49,_,_,_
07013d317,_,_,_,_,_,322,239,47,_,_,_
07013d319,_,_,_,_,_,323,241,48,_,_,_
07015d1241,_,_,_,_,_,325,244,37,_,_,_
07015d1242,_,_,_,_,_,309,235,42,_,_,_
07015d1252,_,_,_,_,_,324,242,40,_,_,_
07015d1255,_,_,_,_,_,320,251,38,_,_,_
07015d1260,_,_,_,_,_,318,240,38,_,_,_
07015d1263,_,_,_,_,_,326,249,40,_,_,_
07015d1267,_,_,_,_,_,318,235,38,_,_,_
07015d1268,_,_,_,_,_,322,238,41,_,_,_
07015d1272,_,_,_,_,_,315,238,40,_,_,_
07015d1274,_,_,_,_,_,316,239,40,_,_,_
07015d1279,_,_,_,_,_,323,236,39,_,_,_
07015d1280,_,_,_,_,_,318,238,40,_,_,_
07015d1282,_,_,_,_,_,320,236,41,_,_,_
07015d1296,_,_,_,_,_,318,238,45,_,_,_
07015d1300,_,_,_,_,_,319,243,38,_,_,_
07015d1311,_,_,_,_,_,314,239,43,_,_,_
07015d1313,_,_,_,_,_,319,242,37,_,_,_
07015d1315,_,_,_,_,_,318,244,39,_,_,_
07015d1323,_,_,_,_,_,325,240,43,_,_,_
07015d1325,_,_,_,_,_,324,237,41,_,_,_
07015d1330,_,_,_,_,_,323,241,38,_,_,_
07015d1331,_,_,_,_,_,326,242,41,_,_,_
07015d1336,_,_,_,_,_,324,240,44,_,_,_
07015d1347,_,_,_,_,_,320,240,42,_,_,_
07015d1351,_,_,_,_,_,327,237,45,_,_,_
07015d1353,_,_,_,_,_,319,243,41,_,_,_
07015d1356,_,_,_,_,_,326,237,40,_,_,_
07015d1361,_,_,_,_,_,327,236,39,_,_,_
07015d1364,_,_,_,_,_,330,227,41,_,_,_
07015d1371,_,_,_,_,_,325,240,40,_,_,_
07015d1381,_,_,_,_,_,323,238,41,_,_,_
07015d1386,_,_,_,_,_,324,241,41,_,_,_
07015d1393,_,_,_,_,_,323,246,40,_,_,_
07015d166,_,_,_,_,_,319,244,39,_,_,_
07015d168,_,_,_,_,_,316,242,41,_,_,_
07015d171,_,_,_,_,_,306,238,42,_,_,_
07015d172,_,_,_,_,_,319,244,40,_,_,_
07015d174,_,_,_,_,_,321,236,45,_,_,_
07015d177,_,_,_,_,_,324,240,40,_,_,_
07015d182,_,_,_,_,_,316,239,42,_,_,_
07015d183,_,_,_,_,_,317,247,35,_,_,_
07015d184,_,_,_,_,_,325,244,41,_,_,_
07015d186,_,_,_,_,_,319,238,40,_,_,_
07015d207,_,_,_,_,_,320,240,42,_,_,_
07015d226,_,_,_,_,_,317,242,40,_,_,_
07015d227,_,_,_,_,_,317,245,41,_,_,_
07015d233,_,_,_,_,_,316,245,40,_,_,_
07015d234,_,_,_,_,_,318,247,42,_,_,_
07015d236,_,_,_,_,_,317,240,42,_,_,_
07015d238,_,_,_,_,_,323,243,38,_,_,_
07015d246,_,_,_,_,_,327,240,43,_,_,_
07015d252,_,_,_,_,_,323,237,46,_,_,_
07015d255,_,_,_,_,_,326,241,45,_,_,_
07015d259,_,_,_,_,_,327,236,42,_,_,_
07015d267,_,_,_,_,_,325,237,41,_,_,_
07015d268,_,_,_,_,_,326,238,40,_,_,_
07015d270,_,_,_,_,_,325,238,43,_,_,_
07015d271,_,_,_,_,_,323,240,48,_,_,_
07015d278,_,_,_,_,_,319,245,39,_,_,_
07015d282,_,_,_,_,_,312,243,45,_,_,_
07015d284,_,_,_,_,_,324,239,39,_,_,_
07015d288,_,_,_,_,_,328,239,42,_,_,_
07015d293,_,_,_,_,_,325,237,45,_,_,_
07015d295,_,_,_,_,_,334,236,45,_,_,_
07015d299,_,_,_,_,_,324,237,42,_,_,_
07015d304,_,_,_,_,_,312,239,40,_,_,_
07015d313,_,_,_,_,_,325,236,42,_,_,_
07015d314,_,_,_,_,_,322,233,45,_,_,_
07015d317,_,_,_,_,_,323,237,43,_,_,_
07015d614,_,_,_,_,_,314,237,40,_,_,_
07015d619,_,_,_,_,_,322,242,39,_,_,_
07015d621,_,_,_,_,_,307,237,42,_,_,_
07015d626,_,_,_,_,_,317,238,44,_,_,_
07015d635,_,_,_,_,_,322,238,44,_,_,_
07015d641,_,_,_,_,_,312,238,40,_,_,_
07015d642,_,_,_,_,_,319,238,43,_,_,_
07015d645,_,_,_,_,_,325,240,39,_,_,_
07015d652,_,_,_,_,_,318,238,41,_,_,_
07015d656,_,_,_,_,_,315,238,40,_,_,_
07015d667,_,_,_,_,_,321,237,48,_,_,_
07015d673,_,_,_,_,_,316,237,44,_,_,_
07015d674,_,_,_,_,_,317,238,43,_,_,_
07015d675,_,_,_,_,_,316,237,43,_,_,_
07015d677,_,_,_,_,_,316,234,48,_,_,_
07015d681,_,_,_,_,_,316,236,40,_,_,_
07015d686,_,_,_,_,_,325,237,45,_,_,_
07015d692,_,_,_,_,_,326,236,39,_,_,_
07015d693,_,_,_,_,_,326,237,42,_,_,_
07015d700,_,_,_,_,_,326,238,42,_,_,_
07015d703,_,_,_,_,_,327,236,48,_,_,_
07015d709,_,_,_,_,_,323,236,44,_,_,_
07015d712,_,_,_,_,_,324,238,46,_,_,_
07015d728,_,_,_,_,_,326,235,44,_,_,_
07015d730,_,_,_,_,_,326,236,40,_,_,_
07015d735,_,_,_,_,_,318,239,42,_,_,_
07015d740,_,_,_,_,_,323,238,41,_,_,_
07015d753,_,_,_,_,_,325,237,45,_,_,_
07015d757,_,_,_,_,_,320,235,49,_,_,_
07015d761,_,_,_,_,_,320,237,44,_,_,_
07015d762,_,_,_,_,_,326,238,46,_,_,_
